Name,Income,Year,Sport
Conor McGregor,180,2021,MMA
Lionel Messi,130,2021,Soccer
Cristiano Ronaldo,120,2021,Soccer
Dak Prescott,107.5,2021,Football
LeBron James,96.5,2021,Basketball
Neymar,95,2021,Soccer
Roger Federer,90,2021,Tennis
Lewis Hamilton,82,2021,Auto Racing
Tom Brady,76,2021,Football
Kevin Durant,75,2021,Basketball
Stephen Curry,74.5,2021,Basketball
Naomi Osaka,60,2021,Tennis
Tiger Woods,60,2021,Golf
Russell Westbrook,59,2021,Basketball
Patrick Mahomes,54.5,2021,Football
James Harden,51,2021,Basketball
David Bakhtiari,48.5,2021,Football
Ronnie Stanley,47.5,2021,Football
Giannis Antetokounmpo,47,2021,Basketball
Dustin Johnson,44.5,2021,Golf
Klay Thompson,44.5,2021,Basketball
Joey Bosa,44,2021,Football
Kyrie Irving,44,2021,Basketball
Jalen Ramsey,43.5,2021,Football
Trent Williams,43.5,2021,Football
Myles Garrett,43,2021,Football
Max Verstappen,42.5,2021,Auto Racing
Serena Williams,41.5,2021,Tennis
Phil Mickelson,41,2021,Golf
Damian Lillard,40.5,2021,Basketball
Kylian Mbappe,40,2021,Soccer
Chris Paul,40,2021,Basketball
DeAndre Hopkins,39,2021,Football
Leonard Williams,39,2021,Football
Jimmy Butler,38.5,2021,Basketball
Marlon Humphrey,37.5,2021,Football
Mohamed Salah,37.5,2021,Soccer
Paul George,37,2021,Basketball
Chris Jones,37,2021,Football
Anthony Davis,36,2021,Basketball
Aaron Donald,36,2021,Football
Matt Judon,36,2021,Football
Paul Pogba,35.5,2021,Soccer
Deshaun Watson,35.5,2021,Football
Shaquil Barrett,35,2021,Football
Novak Djokovic,34.5,2021,Tennis
JJ Watt,34.5,2021,Football
Canelo Alvarez,34,2021,Boxing
Andres Iniesta,34,2021,Soccer
Robert Lewandowski,34,2021,Soccer
Roger Federer,106.3,2020,Tennis
Cristiano Ronaldo,105,2020,Soccer
Lionel Messi,104,2020,Soccer
Neymar,95.5,2020,Soccer
LeBron James,88.2,2020,Basketball
Stephen Curry,74.4,2020,Basketball
Kevin Durant,63.9,2020,Basketball
Tiger Woods,62.3,2020,Golf
Kirk Cousins,60.5,2020,Football
Carson Wentz,59.1,2020,Football
Tyson Fury,57,2020,Boxing
Russell Westbrook,56,2020,Basketball
Lewis Hamilton,54,2020,Auto Racing
Rory McIlroy,52,2020,Golf
Jared Goff,49,2020,Football
Conor McGregor,48,2020,MMA
James Harden,47.8,2020,Basketball
Giannis Antetokounmpo,47.6,2020,Basketball
Anthony Joshua,47,2020,Boxing
Deontay Wilder,46.5,2020,Boxing
Tom Brady,45,2020,Football
Drew Brees,44.8,2020,Football
Novak Djokovic,44.6,2020,Tennis
Kyrie Irving,41.9,2020,Basketball
Phil Mickelson,40.8,2020,Golf
Julio Jones,40.5,2020,Football
Rafael Nadal,40,2020,Tennis
Klay Thompson,38.8,2020,Basketball
Naomi Osaka,37.4,2020,Tennis
Canelo Alvarez,37,2020,Boxing
Damian Lillard,37,2020,Basketball
Sebastian Vettel,36.3,2020,Auto Racing
Serena Williams,36,2020,Tennis
Mohamed Salah,35.1,2020,Soccer
Chris Paul,35,2020,Basketball
Kylian Mbappe,33.8,2020,Soccer
Grady Jarrett,33.1,2020,Football
Paul George,32.8,2020,Basketball
Michael Thomas,32.4,2020,Football
Kei Nishikori,32.1,2020,Tennis
Blake Griffin,31.9,2020,Basketball
John Wall,31.2,2020,Basketball
Kawhi Leonard,30.5,2020,Basketball
Anthony Davis,30.4,2020,Basketball
Aaron Rodgers,30.1,2020,Football
Andres Iniesta,29.6,2020,Soccer
Matt Ryan,29.5,2020,Football
Daniel Ricciardo,29,2020,Auto Racing
Mesut Ozil,28.7,2020,Soccer
Kyle Lowry,28.5,2020,Basketball
Paul Pogba,28.5,2020,Soccer
Jimmy Butler,27.6,2020,Basketball
Gordon Hayward,27.6,2020,Basketball
Jordan Spieth,27.6,2020,Golf
Kemba Walker,27.6,2020,Basketball
Oscar,27.5,2020,Soccer
Clayton Kershaw,27.3,2020,Baseball
Zion Williamson,27.3,2020,Basketball
Arik Armstead,26.8,2020,Football
Joel Embiid,26.7,2020,Basketball
Antoine Griezmann,26.7,2020,Soccer
Devin Booker,26.6,2020,Basketball
Christian McCaffrey,26.5,2020,Football
D'Angelo Russell,26.5,2020,Basketball
Darius Slay,26.1,2020,Football
Virat Kohli,26,2020,Cricket
David De Gea,25.7,2020,Soccer
Kevin Love,25.7,2020,Basketball
Alexis Sanchez,25.6,2020,Soccer
Ryan Tannehill,25.5,2020,Football
Mike Conley,25.4,2020,Basketball
Tobias Harris,25.4,2020,Basketball
Gareth Bale,25.2,2020,Soccer
Bobby Wagner,25,2020,Football
Amari Cooper,24.9,2020,Football
DeMar DeRozan,24.8,2020,Basketball
Robert Quinn,24.7,2020,Football
Kristaps Porzingis,24.5,2020,Basketball
Al Horford,24.4,2020,Basketball
Trae Waynes,24.3,2020,Football
Dante Fowler,24.2,2020,Football
Khris Middleton,24.1,2020,Basketball
Marcus Mariota,23.9,2020,Football
CJ McCollum,23.8,2020,Basketball
Nick Bosa,23.7,2020,Football
Shaq Thompson,23.7,2020,Football
Karl-Anthony Towns,23.5,2020,Basketball
Philip Rivers,23.4,2020,Football
Ezekiel Elliott,23.3,2020,Football
Paul Millsap,23.3,2020,Basketball
Ben Roethlisberger,23,2020,Football
Andrus Peat,22.7,2020,Football
Andre Drummond,22.6,2020,Basketball
DJ Reader,22.4,2020,Football
Quinnen Williams,22.4,2020,Football
Bradley Beal,22.3,2020,Basketball
Cam Newton,22.2,2020,Football
Calais Campbell,22.1,2020,Football
Derek Carr,22,2020,Football
Sergio Ramos,21.8,2020,Soccer
Lionel Messi,127,2019,Soccer
Cristiano Ronaldo,109,2019,Soccer
Neymar,105,2019,Soccer
Canelo Alvarez,94,2019,Boxing
Roger Federer,93.4,2019,Tennis
Russell Wilson,89.5,2019,Football
Aaron Rodgers,89.3,2019,Football
LeBron James,89,2019,Basketball
Stephen Curry,79.8,2019,Basketball
Kevin Durant,65.4,2019,Basketball
Tiger Woods,63.9,2019,Golf
Ben Roethlisberger,55.5,2019,Football
Lewis Hamilton,55,2019,Auto Racing
Anthony Joshua,55,2019,Boxing
Khalil Mack,55,2019,Football
Russell Westbrook,53.7,2019,Basketball
Novak Djokovic,50.6,2019,Tennis
Mike Trout,50.6,2019,Baseball
Phil Mickelson,48.4,2019,Golf
James Harden,47.7,2019,Basketball
Conor McGregor,47,2019,MMA
DeMarcus Lawrence,46.9,2019,Football
Bryce Harper,44.5,2019,Baseball
Chris Paul,43.8,2019,Basketball
Kyrie Irving,43.3,2019,Basketball
Giannis Antetokounmpo,43.2,2019,Basketball
Drew Brees,42.4,2019,Football
Aaron Donald,41.4,2019,Football
Damian Lillard,41.1,2019,Basketball
Sebastian Vettel,40.3,2019,Auto Racing
Blake Griffin,39.1,2019,Basketball
Rory McIlroy,39,2019,Golf
Paul George,38.6,2019,Basketball
Brandin Cooks,38,2019,Football
Kei Nishikori,37.3,2019,Tennis
Nick Foles,35.8,2019,Football
Rafael Nadal,35,2019,Tennis
Manny Machado,34.8,2019,Baseball
Anthony Davis,34.6,2019,Basketball
Gordon Hayward,34.3,2019,Basketball
Klay Thompson,34.3,2019,Basketball
Carmelo Anthony,34,2019,Basketball
Kyle Lowry,33.8,2019,Basketball
Paul Pogba,33,2019,Soccer
DeMar DeRozan,32.8,2019,Basketball
Andres Iniesta,32.5,2019,Soccer
Justin Rose,32.4,2019,Golf
Joel Embiid,32.1,2019,Basketball
Al Horford,32,2019,Basketball
David Price,31.7,2019,Baseball
Mike Conley,31.5,2019,Basketball
Jordan Spieth,31.1,2019,Golf
Alexis Sanchez,30.8,2019,Soccer
Clayton Kershaw,30.7,2019,Baseball
Kylian Mbappe,30.6,2019,Soccer
Deontay Wilder,30.5,2019,Boxing
Trey Flowers,30.2,2019,Football
Mesut Ozil,30.2,2019,Soccer
Paul Millsap,30.1,2019,Basketball
Matt Ryan,29.8,2019,Football
Justin Verlander,29.5,2019,Baseball
Yoenis Cespedes,29.4,2019,Baseball
Miguel Cabrera,29.2,2019,Baseball
Serena Williams,29.2,2019,Tennis
Geno Atkins,29.1,2019,Football
Oscar,29,2019,Soccer
Earl Thomas,29,2019,Football
Jake Arrieta,28.8,2019,Baseball
CJ McCollum,28.8,2019,Basketball
Kawhi Leonard,28.7,2019,Basketball
Kevin Love,28.4,2019,Basketball
Justin Houston,28.2,2019,Football
Albert Pujols,28,2019,Baseball
Dwight Howard,27.8,2019,Basketball
Antoine Griezmann,27.7,2019,Soccer
Jrue Holiday,27.6,2019,Basketball
Giancarlo Stanton,27.4,2019,Baseball
Steven Adams,27.2,2019,Basketball
Gareth Bale,27.1,2019,Soccer
Bradley Beal,27.1,2019,Basketball
Tom Brady,27,2019,Football
Andrew Luck,26.9,2019,Football
CJ Mosley,26.9,2019,Football
Felix Hernandez,26.6,2019,Baseball
Odell Beckham Jr,26.5,2019,Football
Otto Porter Jr,26.5,2019,Basketball
Andre Drummond,26.4,2019,Basketball
Harrison Barnes,26.3,2019,Basketball
Nikola Jokic,26.2,2019,Basketball
Hassan Whiteside,26.2,2019,Basketball
Andrew Wiggins,26.1,2019,Basketball
Manny Pacquiao,26,2019,Boxing
Saquon Barkley,25.8,2019,Football
JD Martinez,25.6,2019,Baseball
Gennady Golovkin,25.5,2019,Boxing
Joey Votto,25.4,2019,Baseball
Jon Lester,25.3,2019,Baseball
Marc Gasol,25.1,2019,Basketball
Mohamed Salah,25.1,2019,Soccer
Virat Kohli,25,2019,Cricket
Floyd Mayweather,285,2018,Boxing
Lionel Messi,111,2018,Soccer
Cristiano Ronaldo,108,2018,Soccer
Conor McGregor,99,2018,MMA
Neymar,90,2018,Soccer
LeBron James,85.5,2018,Basketball
Roger Federer,77.2,2018,Tennis
Stephen Curry,76.9,2018,Basketball
Matt Ryan,67.3,2018,Football
Matthew Stafford,59.5,2018,Football
Kevin Durant,57.3,2018,Basketball
Lewis Hamilton,51,2018,Auto Racing
Russell Westbrook,47.6,2018,Basketball
James Harden,46.4,2018,Basketball
Canelo Alvarez,44.5,2018,Boxing
Tiger Woods,43.3,2018,Golf
Drew Brees,42.9,2018,Football
Sebastian Vettel,42.3,2018,Auto Racing
Derek Carr,42.1,2018,Football
Rafael Nadal,41.4,2018,Tennis
Alex Smith,41.4,2018,Football
Phil Mickelson,41.3,2018,Golf
Jordan Spieth,41.2,2018,Golf
Damian Lillard,39.2,2018,Basketball
Anthony Joshua,39,2018,Boxing
Rory McIlroy,37.7,2018,Golf
Trumaine Johnson,37,2018,Football
Jimmy Garoppolo,36.2,2018,Football
Kyrie Irving,36.1,2018,Basketball
Giannis Antetokounmpo,35.5,2018,Basketball
Blake Griffin,35.5,2018,Basketball
Ryan Tannehill,35.2,2018,Football
Von Miller,35.1,2018,Football
Anthony Davis,34.9,2018,Basketball
Gareth Bale,34.6,2018,Soccer
Kei Nishikori,34.6,2018,Tennis
Clayton Kershaw,34.5,2018,Baseball
Carmelo Anthony,33.2,2018,Basketball
Fernando Alonso,33,2018,Auto Racing
Demar DeRozan,33,2018,Basketball
Chris Paul,31.9,2018,Basketball
Paul Millsap,31.8,2018,Basketball
Dwyane Wade,31.8,2018,Basketball
Klay Thompson,31.1,2018,Basketball
Usain Bolt,31,2018,Track
Gordon Hayward,30.8,2018,Basketball
David Price,30.7,2018,Baseball
Kyle Lowry,30.5,2018,Basketball
Albert Pujols,30.3,2018,Baseball
Mike Conley,30,2018,Basketball
Al Horford,29.8,2018,Basketball
Paul Pogba,29.5,2018,Soccer
Justin Verlander,29.4,2018,Baseball
Miguel Cabrera,29.2,2018,Baseball
Kirk Cousins,28.4,2018,Football
Oscar,27.4,2018,Soccer
Paul George,27.1,2018,Basketball
Dwight Howard,27,2018,Basketball
Wayne Rooney,27,2018,Soccer
Jrue Holiday,26.9,2018,Basketball
Kevin Love,26.9,2018,Basketball
Luis Suarez,26.9,2018,Soccer
Felix Hernandez,26.7,2018,Baseball
Mike Trout,26.4,2018,Baseball
Chris Bosh,26.3,2018,Basketball
Justin Thomas,26,2018,Golf
CJ McCollum,25.8,2018,Basketball
Eli Manning,25.5,2018,Football
DeAndre Hopkins,25.3,2018,Football
Otto Porter Jr,25.3,2018,Basketball
Yoenis Cespedes,25.2,2018,Baseball
Gennady Golovkin,25,2018,Boxing
Buster Posey,25,2018,Baseball
Bradley Beal,24.9,2018,Basketball
Andre Drummond,24.9,2018,Basketball
Harrison Barnes,24.6,2018,Basketball
Davante Adams,24.5,2018,Football
Hassan Whiteside,24.5,2018,Basketball
Stephon Tuitt,24.4,2018,Football
Sam Bradford,24.3,2018,Football
Zack Greinke,24.2,2018,Baseball
Chandler Parsons,24.1,2018,Basketball
Virat Kohli,24,2018,Cricket
Marc Gasol,23.7,2018,Basketball
DeAndre Jordan,23.7,2018,Basketball
Steven Adams,23.5,2018,Basketball
Sergio Aguero,23.5,2018,Soccer
Novak Djokovic,23.5,2018,Tennis
Joe Mauer,23.5,2018,Baseball
JJ Redick,23.5,2018,Basketball
Joey Votto,23.4,2018,Baseball
Jarvis Landry,23.2,2018,Football
Nate Solder,23.2,2018,Football
John Wall,23.2,2018,Basketball
LaMarcus Aldridge,23.1,2018,Basketball
Robinson Cano,23.1,2018,Baseball
Brook Lopez,23.1,2018,Basketball
Masahiro Tanaka,23.1,2018,Baseball
Melvin Ingram,23,2018,Football
Nicolas Batum,22.9,2018,Basketball
Cristiano Ronaldo,93,2017,Soccer
LeBron James,86.2,2017,Basketball
Lionel Messi,80,2017,Soccer
Roger Federer,64,2017,Tennis
Kevin Durant,60.6,2017,Basketball
Andrew Luck,50,2017,Football
Rory McIlroy,50,2017,Golf
Stephen Curry,47.3,2017,Basketball
James Harden,46.6,2017,Basketball
Lewis Hamilton,46,2017,Racing
Drew Brees,45.3,2017,Football
Phil Mickelson,43.5,2017,Golf
Russell Westbrook,38.6,2017,Basketball
Sebastian Vettel,38.5,2017,Racing
Damian Lillard,38.4,2017,Basketball
Novak Djokovic,37.6,2017,Tennis
Tiger Woods,37.1,2017,Golf
Neymar,37,2017,Soccer
Dwyane Wade,36.2,2017,Basketball
Fernando Alonso,36,2017,Racing
Jordan Spieth,34.5,2017,Golf
Derrick Rose,34.3,2017,Basketball
Usain Bolt,34.2,2017,Track
Conor McGregor,34,2017,MMA
Gareth Bale,34,2017,Soccer
Kei Nishikori,33.9,2017,Tennis
Fletcher Cox,33.4,2017,Football
Clayton Kershaw,33.3,2017,Baseball
Carmelo Anthony,32.6,2017,Basketball
Zlatan Ibrahimovic,32,2017,Soccer
Antonio Brown,31.9,2017,Football
DeMar DeRozan,31.6,2017,Basketball
Rafael Nadal,31.5,2017,Tennis
Eric Berry,31.1,2017,Football
Chris Paul,30.9,2017,Basketball
David Price,30.6,2017,Baseball
Miguel Cabrera,30.3,2017,Baseball
Kyrie Irving,29.9,2017,Basketball
Stephon Gilmore,29.3,2017,Football
Andy Murray,28.8,2017,Tennis
Justin Verlander,28.8,2017,Baseball
Mike Conley,28.6,2017,Basketball
Canelo Alvarez,28.5,2017,Boxing
Von Miller,28.1,2017,Football
Al Horford,28.1,2017,Basketball
Anthony Davis,28.1,2017,Basketball
Blake Griffin,28.1,2017,Basketball
Dustin Johnson,27.6,2017,Golf
Albert Pujols,27.3,2017,Baseball
Dwight Howard,27.2,2017,Basketball
Serena Williams,27,2017,Tennis
Ryan Howard,27,2017,Baseball
Robinson Cano,26.6,2017,Baseball
Kevin Love,26.4,2017,Basketball
Chris Bosh,26.3,2017,Basketball
Cam Newton,26,2017,Football
Dirk Nowitzki,26,2017,Basketball
Felix Hernandez,25.8,2017,Baseball
Paul George,25.8,2017,Basketball
Jason Pierre-Paul,25.7,2017,Football
CC Sabathia,25.6,2017,Baseball
David DeCastro,25.1,2017,Football
Eli Manning,25,2017,Football
Buster Posey,24.6,2017,Baseball
Prince Fielder,24.2,2017,Baseball
Josh Hamilton,24.1,2017,Baseball
Zack Greinke,24.1,2017,Baseball
Harrison Barnes,23.9,2017,Basketball
Joe Mauer,23.8,2017,Baseball
Wayne Rooney,23.6,2017,Soccer
Luis Suarez,23.3,2017,Soccer
Bradley Beal,23.3,2017,Basketball
Matt Kalil,23.2,2017,Football
Andre Drummond,23.1,2017,Basketball
Masahiro Tanaka,23,2017,Baseball
Chandler Jones,22.9,2017,Football
Chandler Parsons,22.9,2017,Basketball
Cole Hamels,22.7,2017,Baseball
Hassan Whiteside,22.7,2017,Basketball
Sergio Aguero,22.6,2017,Soccer
Muhammad Wilkerson,22.4,2017,Football
Nick Perry,22.3,2017,Football
Hanley Ramirez,22.3,2017,Baseball
Justin Upton,22.3,2017,Baseball
DeAndre Jordan,22.2,2017,Basketball
Marc Gasol,22.2,2017,Basketball
LaMarcus Aldridge,22.1,2017,Basketball
Jose Reyes,22.1,2017,Baseball
Anthony Joshua,22,2017,Boxing
Virat Kohli,22,2017,Cricket
Klay Thompson,21.9,2017,Basketball
James Rodriguez,21.9,2017,Soccer
Jimmie Johnson,21.8,2017,Racing
Brook Lopez,21.7,2017,Basketball
Adrian Gonzalez,21.7,2017,Baseball
Jacoby Ellsbury,21.7,2017,Baseball
Matt Kemp,21.7,2017,Baseball
Nicolas Batum,21.5,2017,Basketball
Wladimir Klitschko,21.5,2017,Boxing
Dale Earnhardt Jr,21.4,2017,Racing
Cristiano Ronaldo,88,2016,Soccer
Lionel Messi,81.4,2016,Soccer
LeBron James,77.2,2016,Basketball
Roger Federer,67.8,2016,Tennis
Kevin Durant,56.2,2016,Basketball
Novak Djokovic,55.8,2016,Tennis
Cam Newton,53.1,2016,Football
Phil Mickelson,52.9,2016,Golf
Jordan Spieth,52.8,2016,Golf
Kobe Bryant,50,2016,Basketball
Lewis Hamilton,46,2016,Racing
Tiger Woods,45.3,2016,Golf
Eli Manning,45,2016,Football
Joe Flacco,44.5,2016,Football
Tom Brady,44.1,2016,Football
Floyd Mayweather,44,2016,Boxing
Rory McIlroy,42.6,2016,Golf
Russell Wilson,41.8,2016,Football
Sebastian Vettel,41,2016,Racing
Philip Rivers,38,2016,Football
Rafael Nadal,37.5,2016,Tennis
Neymar,37.5,2016,Soccer
Zlatan Ibrahimovic,37.4,2016,Soccer
Fernando Alonso,36.5,2016,Racing
Gareth Bale,35.9,2016,Soccer
Marcell Dareus,35.2,2016,Football
Peyton Manning,34.2,2016,Football
Derrick Rose,34.1,2016,Basketball
Kei Nishikori,33.5,2016,Tennis
AJ Green,33.3,2016,Football
James Harden,32.8,2016,Basketball
Usain Bolt,32.5,2016,Track
Clayton Kershaw,32,2016,Baseball
Dwyane Wade,32,2016,Basketball
Drew Brees,31,2016,Football
Carmelo Anthony,30.9,2016,Basketball
Chris Paul,30,2016,Basketball
Cliff Lee,29.3,2016,Baseball
Olivier Vernon,29,2016,Football
Serena Williams,28.9,2016,Tennis
Justin Verlander,28.6,2016,Baseball
Kyrie Irving,27.6,2016,Basketball
Julio Jones,27.2,2016,Football
Luke Kuechly,27.1,2016,Football
Robinson Cano,27,2016,Baseball
Dwight Howard,26.9,2016,Basketball
Miguel Cabrera,26.6,2016,Baseball
Albert Pujols,26.3,2016,Baseball
Blake Griffin,26.1,2016,Basketball
Wayne Rooney,26.1,2016,Soccer
Cameron Jordan,25.9,2016,Football
Russell Westbrook,25.7,2016,Basketball
Ryan Howard,25.6,2016,Baseball
Trent Williams,25.6,2016,Football
Chris Bosh,25.2,2016,Basketball
Felix Hernandez,24.9,2016,Baseball
Zack Greinke,24.7,2016,Baseball
Prince Fielder,24.6,2016,Baseball
CC Sabathia,24.4,2016,Baseball
Sergio Aguero,24.3,2016,Soccer
Sam Bradford,24.3,2016,Football
Paul George,24.1,2016,Basketball
Manny Pacquiao,24,2016,Boxing
Kevin Love,23.9,2016,Basketball
Yoenis Cespedes,23.8,2016,Baseball
Joe Mauer,23.8,2016,Baseball
David Price,23.8,2016,Baseball
Luis Suarez,23.8,2016,Soccer
Stephen Curry,23.6,2016,Basketball
Jason Day,23.6,2016,Golf
Dez Bryant,23.5,2016,Football
Dale Earnhardt Jr,23.5,2016,Racing
Demaryius Thomas,23.4,2016,Football
Andy Murray,23,2016,Tennis
Masahiro Tanaka,23,2016,Baseball
Mark Teixeira,23,2016,Baseball
Joe Johnson,22.9,2016,Basketball
Cole Hamels,22.7,2016,Baseball
Anthony Castonzo,22.5,2016,Football
Troy Tulowitzki,22.5,2016,Basketball
Bastian Schweinsteiger,22.4,2016,Soccer
Jimmie Johnson,22.2,2016,Racing
Angel Di Maria,22.1,2016,Soccer
James Rodriguez,22.1,2016,Soccer
Eden Hazard,22,2016,Soccer
Conor McGregor,22,2016,MMA
David Ortiz,22,2016,Baseball
Maria Sharapova,21.9,2016,Tennis
Jacoby Ellsbury,21.8,2016,Baseball
Justin Houston,21.8,2016,Football
Matt Kemp,21.7,2016,Baseball
Canelo Alvarez,21.5,2016,Boxing
Adrian Gonzalez,21.4,2016,Baseball
LaMarcus Aldridge,21.2,2016,Basketball
Cameron Heyward,21.2,2016,Football
Jayson Werth,21.2,2016,Baseball
Alex Rodriguez,21.1,2016,Baseball
Nico Rosberg,21,2016,Racing
Carl Crawford,20.9,2016,Baseball
Buster Posey,20.8,2016,Baseball
Floyd Mayweather,300,2015,Boxing
Manny Pacquiao,160,2015,Boxing
Cristiano Ronaldo,79.6,2015,Soccer
Lionel Messi,73.8,2015,Soccer
Roger Federer,67,2015,Tennis
LeBron James,64.8,2015,Basketball
Kevin Durant,54.2,2015,Basketball
Phil Mickelson,50.8,2015,Golf
Tiger Woods,50.6,2015,Golf
Kobe Bryant,49.5,2015,Basketball
Ben Roethlisberger,48.9,2015,Football
Rory McIlroy,48.3,2015,Golf
Novak Djokovic,48.2,2015,Tennis
Zlatan Ibrahimovic,39.1,2015,Soccer
Lewis Hamilton,39,2015,Racing
Ndamukong Suh,38.6,2015,Football
Fernando Alonso,35.5,2015,Racing
Gareth Bale,35,2015,Soccer
Jon Lester,34.1,2015,Baseball
Derrick Rose,33.9,2015,Basketball
Sebastian Vettel,33,2015,Racing
Rafael Nadal,32.5,2015,Tennis
Mahendra Singh Dhoni,31,2015,Cricket
Neymar,31,2015,Soccer
Carmelo Anthony,30.5,2015,Basketball
Maria Sharapova,29.7,2015,Tennis
Carson Palmer,29,2015,Football
James Rodriguez,29,2015,Soccer
JJ Watt,27.9,2015,Football
Robinson Cano,27.6,2015,Baseball
Dwyane Wade,27.2,2015,Basketball
Peyton Manning,27,2015,Football
Kimi Raikkonen,27,2015,Racing
Clayton Kershaw,26.9,2015,Baseball
Wayne Rooney,26.9,2015,Soccer
Gerald McCoy,26.7,2015,Football
Chris Paul,26.1,2015,Basketball
Radamel Falcao,25.9,2015,Soccer
Albert Pujols,25.9,2015,Baseball
Ryan Howard,25.6,2015,Baseball
Dwight Howard,25.5,2015,Basketball
Cliff Lee,25.2,2015,Baseball
Miguel Cabrera,25.1,2015,Baseball
Amare Stoudemire,25,2015,Basketball
Sergio Aguero,24.9,2015,Soccer
Blake Griffin,24.7,2015,Basketball
Serena Williams,24.6,2015,Tennis
Prince Fielder,24.3,2015,Baseball
Joe Johnson,24.2,2015,Basketball
Joe Mauer,24,2015,Baseball
CC Sabathia,23.9,2015,Baseball
Chris Bosh,23.8,2015,Basketball
Zack Greinke,23.7,2015,Baseball
Eli Manning,23.7,2015,Football
Dale Earnhardt Jr,23.6,2015,Racing
Justin Verlander,23.4,2015,Baseball
Andy Dalton,23.3,2015,Football
Masahiro Tanaka,23,2015,Baseball
Mark Teixeira,23,2015,Baseball
Felix Hernandez,22.9,2015,Baseball
Cole Hamels,22.7,2015,Baseball
Jimmie Johnson,22.7,2015,Racing
Wladimir Klitschko,22.5,2015,Boxing
Andy Murray,22.3,2015,Tennis
Matt Kemp,22.2,2015,Baseball
LeSean McCoy,22.1,2015,Football
Drew Brees,22,2015,Football
Tony Romo,22,2015,Football
Adrian Gonzalez,21.5,2015,Baseball
Jacoby Ellsbury,21.4,2015,Baseball
Tyron Smith,21.4,2015,Football
Deron Williams,21.3,2015,Basketball
Usain Bolt,21,2015,Track
Luis Suarez,21,2015,Soccer
Matt Cain,20.8,2015,Baseball
David Wright,20.8,2015,Baseball
Carl Crawford,20.7,2015,Baseball
Jayson Werth,20.6,2015,Baseball
Cesc Fabregas,20.3,2015,Soccer
Hanley Ramirez,20.3,2015,Baseball
Russell Westbrook,20.3,2015,Basketball
Justin Rose,20.2,2015,Golf
Yaya Toure,20,2015,Soccer
Rudy Gay,19.9,2015,Basketball
Jordan Spieth,19.8,2015,Golf
Adam Wainwright,19.8,2015,Baseball
Frank Lampard,19.7,2015,Soccer
Kevin Love,19.7,2015,Basketball
David Ortiz,19.7,2015,Baseball
Eden Hazard,19.6,2015,Soccer
Alex Smith,19.6,2015,Football
Kei Nishikori,19.5,2015,Tennis
Devin McCourty,19.3,2015,Football
Mesut Ozil,19.3,2015,Soccer
Aaron Rodgers,19.1,2015,Football
Billy Horschel,19,2015,Golf
Jeremy Lin,18.9,2015,Basketball
Maurkice Pouncey,18.9,2015,Football
Max Scherzer,18.9,2015,Baseball
James Harden,18.8,2015,Basketball
Floyd Mayweather,105,2014,Boxing
Cristiano Ronaldo,80,2014,Soccer
LeBron James,72.3,2014,Basketball
Lionel Messi,64.7,2014,Soccer
Kobe Bryant,61.5,2014,Basketball
Tiger Woods,61.2,2014,Golf
Roger Federer,56.2,2014,Tennis
Phil Mickelson,53.2,2014,Golf
Rafael Nadal,44.5,2014,Tennis
Matt Ryan,43.8,2014,Football
Manny Pacquiao,41.8,2014,Boxing
Zlatan Ibrahimovic,40.4,2014,Soccer
Derrick Rose,36.6,2014,Basketball
Gareth Bale,36.4,2014,Soccer
Radamel Falcao,35.4,2014,Soccer
Neymar,33.6,2014,Soccer
Novak Djokovic,33.1,2014,Tennis
Matthew Stafford,33,2014,Football
Lewis Hamilton,32,2014,Racing
Kevin Durant,31.9,2014,Basketball
Fernando Alonso,31,2014,Racing
Mahendra Singh Dhoni,30,2014,Cricket
Dwyane Wade,29.9,2014,Basketball
Carmelo Anthony,29.4,2014,Basketball
Wladimir Klitschko,28,2014,Boxing
Peyton Manning,27.1,2014,Football
Amare Stoudemire,26.7,2014,Basketball
Dale Earnhardt Jr,25.9,2014,Racing
Dwight Howard,25.5,2014,Basketball
Cliff Lee,25.3,2014,Baseball
Joe Mauer,24.8,2014,Baseball
Miguel Cabrera,24.6,2014,Baseball
Zack Greinke,24.5,2014,Baseball
Maria Sharapova,24.4,2014,Tennis
Derek Jeter,24.3,2014,Baseball
Rory McIlroy,24.3,2014,Golf
Chris Paul,24.2,2014,Basketball
CC Sabathia,24.2,2014,Baseball
Prince Fielder,23.9,2014,Baseball
Darrelle Revis,23.8,2014,Football
Li Na,23.6,2014,Tennis
Jimmie Johnson,23.5,2014,Racing
Wayne Rooney,23.4,2014,Soccer
Sergio Aguero,23.3,2014,Soccer
Usain Bolt,23.2,2014,Track
Dirk Nowitzki,23.2,2014,Basketball
Blake Griffin,23,2014,Basketball
Alex Rodriguez,22.9,2014,Baseball
Johan Santana,22.9,2014,Baseball
Mark Teixeira,22.7,2014,Baseball
Matt Kemp,22.6,2014,Baseball
Joe Johnson,22.5,2014,Basketball
Geno Atkins,22.4,2014,Football
Ryan Howard,22.4,2014,Baseball
Aaron Rodgers,22,2014,Football
Serena Williams,22,2014,Tennis
Chris Bosh,21.8,2014,Basketball
Pau Gasol,21.8,2014,Basketball
Yaya Toure,21.7,2014,Soccer
Robinson Cano,21.5,2014,Baseball
Adrian Gonzalez,21.5,2014,Baseball
Joe Haden,21.4,2014,Football
Fernando Torres,21.3,2014,Soccer
Henrik Stenson,21.2,2014,Golf
Vernon Wells,21.1,2014,Baseball
Canelo Alvarez,21,2014,Boxing
Drew Brees,21,2014,Football
Eli Manning,21,2014,Football
Julius Peppers,20.8,2014,Football
Cole Hamels,20.7,2014,Baseball
Jason Peters,20.7,2014,Football
Justin Verlander,20.7,2014,Baseball
Tim Lincecum,20.6,2014,Baseball
Carl Crawford,20.5,2014,Baseball
Matt Cain,20.4,2014,Baseball
Barry Zito,20.4,2014,Baseball
Felix Hernandez,20.3,2014,Baseball
Albert Pujols,20.3,2014,Baseball
Deron Williams,20,2014,Basketball
David Ortiz,19.8,2014,Baseball
Robin van Persie,19.5,2014,Soccer
Russell Westbrook,19.2,2014,Basketball
Sebastian Vettel,19,2014,Racing
Carlos Dunlap,18.8,2014,Football
Zach Randolph,18.8,2014,Basketball
Steven Gerrard,18.7,2014,Soccer
Jeff Gordon,18.7,2014,Racing
Rudy Gay,18.6,2014,Basketball
Larry Fitzgerald,18.5,2014,Football
Mesut Ozil,18.5,2014,Soccer
Branden Albert,18.4,2014,Football
Franck Ribery,18.3,2014,Soccer
Alfonso Soriano,18.1,2014,Baseball
Jairus Byrd,18,2014,Football
Adam Scott,17.7,2014,Golf
Terrell Suggs,17.6,2014,Football
Brandon Marshall,17.5,2014,Football
Jayson Werth,17.5,2014,Baseball
Matt Holliday,17.4,2014,Baseball
Luis Suarez,17.3,2014,Soccer
Tiger Woods,78.1,2013,Golf
Roger Federer,71.5,2013,Tennis
Kobe Bryant,61.9,2013,Basketball
LeBron James,59.8,2013,Basketball
Drew Brees,51,2013,Football
Aaron Rodgers,49,2013,Football
Phil Mickelson,48.7,2013,Golf
David Beckham,47.2,2013,Soccer
Cristiano Ronaldo,44,2013,Soccer
Lionel Messi,41.3,2013,Soccer
Tom Brady,38.3,2013,Football
Derrick Rose,37.4,2013,Basketball
Joe Flacco,36.8,2013,Football
Floyd Mayweather,34,2013,Boxing
Manny Pacquiao,34,2013,Boxing
Mahendra Singh Dhoni,31.5,2013,Cricket
Kevin Durant,30.9,2013,Basketball
Alex Rodriguez,30.3,2013,Baseball
Peyton Manning,30,2013,Football
Fernando Alonso,30,2013,Racing
Rory McIlroy,29.6,2013,Golf
Maria Sharapova,29,2013,Tennis
Dwyane Wade,28.9,2013,Basketball
Tony Romo,28.8,2013,Football
Carmelo Anthony,28,2013,Basketball
Lewis Hamilton,27.5,2013,Racing
Amare Stoudamire,27,2013,Basketball
Novak Djokovic,26.9,2013,Tennis
Dwight Howard,26.5,2013,Basketball
Rafael Nadal,26.4,2013,Tennis
Calvin Johnson,26.3,2013,Football
Dale Earnhardt Jr,26,2013,Racing
Ray Rice,25.8,2013,Football
Joe Mauer,25.5,2013,Baseball
Johan Santana,25.5,2013,Baseball
Derek Jeter,25.4,2013,Baseball
Felix Hernandez,25.3,2013,Baseball
Dwayne Bowe,24.9,2013,Football
Josh Hamilton,24.7,2013,Baseball
Usain Bolt,24.2,2013,Track
Wladimir Klitschko,24,2013,Boxing
Jimmie Johnson,24,2013,Racing
Prince Fielder,23.8,2013,Baseball
CC Sabathia,23.6,2013,Baseball
Vincent Jackson,23.4,2013,Football
Miguel Cabrera,23,2013,Baseball
Cliff Lee,22.9,2013,Baseball
Mark Teixeira,22.9,2013,Baseball
Cole Hamels,22.7,2013,Baseball
Matt Schaub,22.3,2013,Football
Sachin Tendulkar,22,2013,Cricket
Valentino Rossi,22,2013,Racing
Chris Paul,21.8,2013,Basketball
Clay Matthews,21.8,2013,Football
Zack Greinke,21.7,2013,Baseball
Gilbert Arenas,21.6,2013,Basketball
Pau Gasol,21.5,2013,Basketball
Dirk Nowitzki,21.4,2013,Basketball
Adrian Gonzalez,21.2,2013,Baseball
Vernon Wells,21.2,2013,Baseball
Wayne Rooney,21.1,2013,Soccer
Ryan Howard,21,2013,Baseball
Sergio Aguero,20.9,2013,Soccer
Justin Verlander,20.8,2013,Baseball
Joe Johnson,20.8,2013,Basketball
Didier Drogba,20.8,2013,Soccer
Yaya Toure,20.7,2013,Soccer
Roy Halladay,20.5,2013,Baseball
Neymar,20.5,2013,Soccer
Serena Williams,20.5,2013,Tennis
Tim Lincecum,20.1,2013,Baseball
Carl Crawford,20,2013,Baseball
Fernando Torres,20,2013,Soccer
Barry Zito,19.9,2013,Baseball
Chris Bosh,19.8,2013,Basketball
Zlatan Ibrahimovic,19.7,2013,Soccer
Ichiro Suzuki,19.6,2013,Baseball
Ernie Els,19.5,2013,Golf
Kaka,19.3,2013,Soccer
Deron Williams,19.2,2013,Basketball
Brandt Snedeker,19,2013,Golf
Paul Pierce,18.8,2013,Basketball
Tony Stewart,18.5,2013,Racing
Carl Nicks,18.3,2013,Football
Jeff Gordon,18.2,2013,Racing
Carlos Tevez,18.2,2013,Soccer
Li Na,18.2,2013,Tennis
Alfonso Soriano,18.1,2013,Baseball
Sebastian Vettel,18,2013,Racing
Matt Cain,17.4,2013,Baseball
Matt Holliday,17.4,2013,Baseball
Michael Young,17.3,2013,Baseball
Rudy Gay,17.2,2013,Basketball
Steven Gerrard,17.2,2013,Soccer
Zach Randolph,17,2013,Basketball
Russell Westbrook,16.9,2013,Basketball
Andrew Bynum,16.7,2013,Basketball
AJ Burnett,16.6,2013,Baseball
Brandon Roy,16.6,2013,Basketball
Samuel Etoo,16.4,2013,Soccer
Floyd Mayweather,85,2012,Boxing
Manny Pacquiao,62,2012,Boxing
Tiger Woods,59.4,2012,Golf
LeBron James,53,2012,Basketball
Roger Federer,52.7,2012,Tennis
Kobe Bryant,52.3,2012,Basketball
Phil Mickelson,47.8,2012,Golf
David Beckham,46,2012,Soccer
Cristiano Ronaldo,42.5,2012,Soccer
Peyton Manning,42.4,2012,Football
Lionel Messi,39,2012,Soccer
Haloti Ngata,37.3,2012,Football
Larry Fitzgerald,36.8,2012,Football
Ndamukong Suh,36,2012,Football
Charles Johnson,34.4,2012,Football
Rafael Nadal,33.2,2012,Tennis
Mario Williams,33.2,2012,Football
Alex Rodriguez,33,2012,Baseball
Fernando Alonso,32,2012,Racing
Valentino Rossi,30,2012,Racing
Michael Schumacher,30,2012,Racing
Darrelle Revis,28.3,2012,Football
Dale Earnhardt Jr,28.2,2012,Racing
Wladimir Klitschko,28,2012,Boxing
Lewis Hamilton,28,2012,Racing
Maria Sharapova,27.9,2012,Tennis
Sam Bradford,27.8,2012,Football
Tom Brady,27.1,2012,Football
Joe Mauer,27,2012,Baseball
Eli Manning,26.6,2012,Football
Mahendra Singh Dhoni,26.5,2012,Cricket
LaMarr Woodley,26.5,2012,Football
Dwight Howard,25.6,2012,Basketball
Kevin Durant,25.5,2012,Basketball
Dwyane Wade,24.7,2012,Basketball
Derek Jeter,24.5,2012,Baseball
Wayne Rooney,24.3,2012,Soccer
Mark Sanchez,24.2,2012,Football
Ichiro Suzuki,24,2012,Baseball
CC Sabathia,23.8,2012,Baseball
Johan Santana,23.8,2012,Baseball
Jeff Gordon,23.6,2012,Racing
Ben Roethlisberger,23.3,2012,Football
Carmelo Anthony,22.9,2012,Basketball
Mark Teixeira,22.8,2012,Baseball
Amare Stoudemire,22.7,2012,Basketball
Tony Stewart,22.3,2012,Racing
Luke Donald,22.2,2012,Golf
Vernon Wells,22.1,2012,Baseball
Michael Vick,22,2012,Football
Logan Mankins,21.9,2012,Football
Richard Seymour,21.9,2012,Football
Jimmie Johnson,21.5,2012,Racing
Ryan Howard,21.5,2012,Baseball
Adrian Peterson,21.5,2012,Football
Jon Beason,21.4,2012,Football
Kevin Garnett,21.1,2012,Basketball
Matthew Stafford,20.9,2012,Football
Miguel Cabrera,20.8,2012,Baseball
Kaka,20.8,2012,Soccer
Roy Halladay,20.6,2012,Baseball
Novak Djokovic,20.6,2012,Tennis
Usain Bolt,20.3,2012,Track
DBrickashaw Ferguson,20.3,2012,Football
Sergio Aguero,20.1,2012,Soccer
DeAngelo Williams,19.9,2012,Football
Joe Thomas,19.8,2012,Football
Fernando Torres,19.6,2012,Soccer
Eric Berry,19.6,2012,Football
Prince Fielder,19.6,2012,Baseball
Ryan Kalil,19.4,2012,Football
Chris Paul,19.2,2012,Basketball
Yaya Toure,19.1,2012,Soccer
Tim Duncan,19.1,2012,Basketball
Miguel Cotto,19,2012,Boxing
Barry Zito,18.9,2012,Baseball
Robert Mathis,18.7,2012,Football
Carlos Lee,18.6,2012,Baseball
Sachin Tendulkar,18.6,2012,Cricket
Lawrence Timmons,18.6,2012,Football
Li Na,18.4,2012,Tennis
Alfonso Soriano,18.3,2012,Baseball
Torii Hunter,18.3,2012,Baseball
Deron Williams,18.2,2012,Basketball
Jonathan Joseph,18.1,2012,Football
Darnell Dockett,18,2012,Football
Matt Holliday,17.6,2012,Baseball
Rashard Lewis,17.5,2012,Basketball
Justin Verlander,17.5,2012,Baseball
John Terry,17.5,2012,Soccer
Carlos Zambrano,17.4,2012,Baseball
Albert Pujols,17.4,2012,Baseball
Ernie Els,17.4,2012,Golf
Rory McIlroy,17.4,2012,Golf
Pau Gasol,17.2,2012,Basketball
Russell Okung,17.1,2012,Football
Steven Gerrard,17,2012,Soccer
Carl Crawford,16.9,2012,Baseball
Rolando McClain,16.7,2012,Football
Jake Peavy,16.6,2012,Baseball
Tiger Woods,75,2011,Golf
Kobe Bryant,53,2011,Basketball
LeBron James,48,2011,Basketball
Roger Federer,47,2011,Tennis
Phil Mickelson,46.5,2011,Golf
David Beckham,40,2011,Soccer
Cristiano Ronaldo,38,2011,Soccer
Alex Rodriguez,35,2011,Baseball
Michael Schumacher,34,2011,Racing
Lionel Messi,32.3,2011,Soccer
Fernando Alonso,32,2011,Racing
Rafael Nadal,31.5,2011,Tennis
Valentino Rossi,31,2011,Racing
Tom Brady,31,2011,Football
Lewis Hamilton,30,2011,Racing
Derek Jeter,29,2011,Baseball
Dale Earnhardt Jr,28.5,2011,Racing
Yao Ming,27.7,2011,Basketball
Dwight Howard,27.6,2011,Basketball
Dwyane Wade,26.2,2011,Basketball
Peyton Manning,26.1,2011,Football
Ichiro Suzuki,26,2011,Baseball
Carmelo Anthony,25.1,2011,Basketball
Kaka,25,2011,Soccer
Manny Pacquiao,25,2011,Boxing
Jeff Gordon,24.9,2011,Racing
Ronaldinho,24.7,2011,Soccer
Amare Stoudamire,24.5,2011,Basketball
Maria Sharapova,24.2,2011,Tennis
Wayne Rooney,24.2,2011,Soccer
Jimmie Johnson,24,2011,Racing
Kevin Garnett,23.8,2011,Basketball
CC Sabathia,23.6,2011,Baseball
Jim Furyk,23,2011,Golf
Vince Carter,21.8,2011,Basketball
Johan Santana,21.5,2011,Baseball
Tim Duncan,21.2,2011,Basketball
Chris Paul,20.9,2011,Basketball
Mark Teixeira,20.8,2011,Baseball
Ryan Howard,20.8,2011,Baseball
Miguel Cabrera,20.3,2011,Baseball
Rashard Lewis,20.1,2011,Basketball
Todd Helton,19.6,2011,Baseball
Ernie Els,19.6,2011,Golf
Joe Mauer,19.3,2011,Baseball
Dirk Nowitzki,19.3,2011,Basketball
Barry Zito,19.2,2011,Baseball
Jahri Evans,19.1,2011,Football
Pau Gasol,18.9,2011,Basketball
Michael Redd,18.8,2011,Basketball
Tiger Woods,105,2010,Golf
Floyd Mayweather,65,2010,Boxing
Kobe Bryant,48,2010,Basketball
Phil Mickelson,46,2010,Golf
David Beckham,43.7,2010,Soccer
Roger Federer,43,2010,Tennis
Lebron James,42.8,2010,Basketball
Manny Pacquiao,42,2010,Boxing
Eli Manning,39.9,2010,Football
Terrell Suggs,38.3,2010,Football
Julius Peppers,36,2010,Football
Alex Rodriguez,35.9,2010,Baseball
Cristiano Ronaldo,35.8,2010,Soccer
Kimi Raikkonen,34,2010,Racing
Philip Rivers,32.1,2010,Football
Valentino Rossi,32,2010,Racing
Shaquille ONeal,31,2010,Basketball
Dale Earnhardt Jr,30,2010,Racing
Derek Jeter,29.7,2010,Baseball
Lewis Hamilton,29,2010,Racing
Yao Ming,28.4,2010,Basketball
Tracy McGrady,28.2,2010,Basketball
Fernando Alonso,28,2010,Racing
Michael Schumacher,28,2010,Racing
Albert Haynesworth,27.3,2010,Football
Lionel Messi,27,2010,Soccer
Jeff Gordon,26.9,2010,Racing
Dwyane Wade,26.8,2010,Basketball
DeMarcus Ware,26.7,2010,Football
Ichiro Suzuki,26,2010,Baseball
Kaka,25.6,2010,Soccer
Ronaldinho,25.1,2010,Soccer
Peyton Manning,24.8,2010,Football
Tim Duncan,24.7,2010,Basketball
Maria Sharapova,24.5,2010,Tennis
Dwight Howard,24.2,2010,Basketball
Jermaine ONeal,24,2010,Basketball
Carmelo Anthony,23.8,2010,Basketball
Thierry Henry,23.5,2010,Soccer
Ernie Els,23,2010,Golf
Jimmie Johnson,23,2010,Racing
Jake Delhomme,22.4,2010,Football
Kevin Garnett,22.4,2010,Basketball
Amare Stoudamire,21.9,2010,Basketball
Dirk Nowitzki,21.8,2010,Basketball
Paul Pierce,21.8,2010,Basketball
CC Sabathia,21.4,2010,Baseball
Matthew Stafford,21.4,2010,Football
Vince Carter,21.3,2010,Basketball
Lance Armstrong,21,2010,Cycling
Tiger Woods,110,2009,Golf
Kobe Bryant,45,2009,Basketball
Michael Jordan,45,2009,Basketball
Kimi Raikkonen,45,2009,Racing
David Beckham,42,2009,Soccer
Lebron James,40,2009,Basketball
Phil Mickelson,40,2009,Golf
Manny Pacquiao,40,2009,Boxing
Roger Federer,33,2009,Tennis
Ronaldinho,30,2009,Soccer
Kevin Garnett,30,2009,Basketball
Jeff Gordon,30,2009,Racing
Derek Jeter,30,2009,Baseball
Maria Sharapova,22,2009,Tennis
Serena Williams,17,2009,Tennis
Venus Williams,15,2009,Tennis
Ana Ivanovic,10,2009,Tennis
Danica Patrick,7,2009,Racing
Tiger Woods,115,2008,Golf
David Beckham,50,2008,Soccer
Phil Mickelson,45,2008,Golf
Michael Jordan,45,2008,Basketball
Kimi Raikkonen,44,2008,Racing
Kobe Bryant,39,2008,Basketball
Lebron James,38,2008,Basketball
Ronaldinho,37,2008,Soccer
Valentino Rossi,35,2008,Racing
Roger Federer,35,2008,Tennis
Alex Rodriguez,34,2008,Baseball
Fernando Alonso,33,2008,Racing
Jeff Gordon,32,2008,Racing
Shaquille ONeal,32,2008,Basketball
Dale Earnhardt Jr,31,2008,Racing
Kevin Garnett,29,2008,Basketball
Maria Sharapova,26,2008,Tennis
Serena Williams,14,2008,Tennis
Justine Henin,12.5,2008,Tennis
Annika Sorenstam,11,2008,Golf
Lorena Ochoa,10,2008,Golf
Tiger Woods,100,2007,Golf
Oscar De La Hoya,43,2007,Boxing
Phil Mickelson,42.2,2007,Golf
Kimi Raikkonen,40,2007,Racing
Michael Schumacher,36,2007,Racing
David Beckham,33,2007,Soccer
Kobe Bryant,32.9,2007,Basketball
Shaquille ONeal,31.9,2007,Basketball
Michael Jordan,31,2007,Basketball
Ronaldinho,31,2007,Soccer
Valentino Rossi,30,2007,Racing
Alex Rodriguez,29.2,2007,Baseball
Roger Federer,29,2007,Tennis
Derek Jeter,28.3,2007,Baseball
Lebron James,27.3,2007,Basketball
Floyd Mayweather,26.5,2007,Boxing
Yao Ming,26.3,2007,Basketball
Vijay Singh,25.8,2007,Golf
Leonard Davis,25.4,2007,Football
Arnold Palmer,25,2007,Golf
Jeff Gordon,24.5,2007,Racing
Kevin Garnett,24.3,2007,Basketball
Reggie Bush,23.8,2007,Football
Allen Iverson,23.3,2007,Basketball
Maria Sharapova,23,2007,Tennis
Tiger Woods,90,2006,Golf
Muhammad Ali,55,2006,Boxing
Phil Mickelson,47,2006,Golf
Kobe Bryant,31,2006,Basketball
Michael Jordan,32,2006,Basketball
Michael Schumacher,58,2006,Racing
Shaquille ONeal,30,2006,Basketball
David Beckham,27,2006,Soccer
Lebron James,26,2006,Basketball
Alex Rodriguez,29,2006,Baseball
Tom Brady,29,2006,Football
Ronaldinho,26,2006,Soccer
Derek Jeter,27,2006,Baseball
Maria Sharapova,19,2006,Tennis
Valentino Rossi,30,2006,Racing
Carson Palmer,28,2006,Football
Michelle Wie,17,2006,Golf
Serena Williams,10,2006,Tennis
Venus Williams,7,2006,Tennis
Annika Sorenstam,8,2006,Golf
Tiger Woods,87,2005,Golf
Michael Schumacher,60,2005,Racing
Oscar De La Hoya,38,2005,Boxing
Michael Vick,37.5,2005,Football
Shaquille ONeal,33.4,2005,Basketball
Michael Jordan,33,2005,Basketball
David Beckham,32.5,2005,Soccer
Kobe Bryant,28.8,2005,Basketball
Lance Armstrong,28,2005,Cycling
Valentino Rossi,28,2005,Racing
Alex Rodriguez,27.5,2005,Baseball
Phil Mickelson,26.8,2005,Golf
Andre Agassi,26.2,2005,Tennis
Derek Jeter,25.5,2005,Baseball
Manny Ramirez,24.2,2005,Baseball
Jeff Gordon,23.4,2005,Racing
Walter Jones,23.2,2005,Football
Ronaldo,23,2005,Soccer
Lebron James,22.9,2005,Basketball
Matt Hasselbeck,22.8,2005,Football
Maria Sharapova,18.2,2005,Tennis
Serena Williams,12.7,2005,Tennis
Annika Sorenstam,7.3,2005,Golf
Venus Williams,6.5,2005,Tennis
Lindsay Davenport,6,2005,Tennis
Tiger Woods,80.3,2004,Golf
Michael Schumacher,80,2004,Racing
Peyton Manning,42,2004,Football
Michael Jordan,35,2004,Basketball
Shaquille ONeal,31.9,2004,Basketball
Kevin Garnett,29.7,2004,Basketball
Andre Agassi,28.2,2004,Tennis
David Beckham,28,2004,Soccer
Alex Rodriguez,26.2,2004,Baseball
Kobe Bryant,26.1,2004,Basketball
Grant Hill,25.9,2004,Basketball
Derek Jeter,23.2,2004,Baseball
Barry Bonds,22.7,2004,Baseball
Manny Ramirez,22.1,2004,Baseball
Oscar De La Hoya,22,2004,Boxing
Lebron James,21.1,2004,Basketball
Vince Carter,20.2,2004,Basketball
Dale Earnhardt Jr,20.1,2004,Racing
Arnold Palmer,20,2004,Golf
Phil Mickelson,19.8,2004,Golf
Allen Iverson,19.7,2004,Basketball
Champ Bailey,19.6,2004,Football
Jeff Gordon,19.3,2004,Racing
Lance Armstrong,19.2,2004,Cycling
Tracy McGrady,19,2004,Basketball
Ronaldo,18.5,2004,Soccer
Carlos Delgado,18,2004,Baseball
Ichiro Suzuki,17.8,2004,Baseball
Randy Johnson,17.5,2004,Baseball
Mike Piazza,17.3,2004,Baseball
Jevon Kearse,17.2,2004,Football
Sammy Sosa,17,2004,Baseball
Pedro Martinez,16.8,2004,Baseball
Jason Giambi,16.6,2004,Baseball
Lavar Arrington,16.5,2004,Football
Brian Urlacher,16.4,2004,Football
Carson Palmer,16.3,2004,Football
Greg Norman,16.2,2004,Golf
Ernie Els,16.1,2004,Golf
Ralf Schumacher,16,2004,Racing
Jason Kidd,15.9,2004,Basketball
Zinedine Zidane,15.8,2004,Soccer
Yao Ming,15.7,2004,Basketball
Grant Wistrom,15.6,2004,Football
Shawn Green,15.5,2004,Baseball
Charles Rogers,15.4,2004,Football
Rasheed Wallace,15.3,2004,Basketball
Kevin Brown,15.2,2004,Baseball
Anfernee Hardaway,15.1,2004,Basketball
Andre Miller,15,2004,Basketball
Tiger Woods,78,2003,Golf
Michael Schumacher,75,2003,Racing
Michael Jordan,35,2003,Basketball
Shaquille ONeal,30.5,2003,Basketball
Oscar De La Hoya,30,2003,Boxing
Kevin Garnett,28,2003,Basketball
Alex Rodriguez,26,2003,Baseball
Grant Hill,25.5,2003,Basketball
Andre Agassi,24,2003,Tennis
Jacques Villeneuve,23,2003,Racing
Derek Jeter,21,2003,Baseball
Alonzo Mourning,21,2003,Basketball
Barry Bonds,20,2003,Baseball
Scottie Pippen,19.5,2003,Basketball
Juwan Howard,19.5,2003,Basketball
Allen Iverson,19,2003,Basketball
David Beckham,19,2003,Soccer
Jeff Gordon,18.5,2003,Racing
Arnold Palmer,18.5,2003,Golf
Karl Malone,18.5,2003,Basketball
Venus Williams,14,2003,Tennis
Serena Williams,12,2003,Tennis
Anna Kournikova,9,2003,Tennis
Martina Hingis,6,2003,Tennis
Annika Sorenstam,5.5,2003,Golf
Tiger Woods,69,2002,Golf
Michael Schumacher,67,2002,Racing
Michael Jordan,36,2002,Basketball
Lennox Lewis,28,2002,Boxing
Alex Rodriguez,25,2002,Baseball
Grant Hill,24,2002,Basketball
Shaquille ONeal,24,2002,Basketball
Kevin Garnett,23,2002,Basketball
Mike Tyson,23,2002,Boxing
Kobe Bryant,22,2002,Basketball
Jeff Gordon,20,2002,Racing
Jacques Villeneuve,20,2002,Racing
Manny Ramirez,19,2002,Baseball
Andre Agassi,18.5,2002,Tennis
Derek Jeter,18.5,2002,Baseball
Alonzo Mourning,18,2002,Basketball
Scottie Pippen,18,2002,Basketball
Sammy Sosa,18,2002,Baseball
Arnold Palmer,17,2002,Golf
Ken Griffey Jr,16.5,2002,Baseball
Venus Williams,11,2002,Tennis
Anna Kournikova,10,2002,Tennis
Martina Hingis,9,2002,Tennis
Serena Williams,8,2002,Tennis
Jennifer Capriati,6,2002,Tennis
Michael Schumacher,59,2000,Racing
Tiger Woods,53,2000,Golf
Mike Tyson,48,2000,Boxing
Michael Jordan,37,2000,Basketball
Grant Hill,26,2000,Basketball
Dale Earnhardt,24.5,2000,Racing
Shaquille ONeal,24,2000,Basketball
Lennox Lewis,23,2000,Boxing
Oscar De La Hoya,23,2000,Boxing
Kevin Garnett,21,2000,Basketball
George Foreman,20.1,2000,Boxing
Kobe Bryant,20,2000,Basketball
Arnold Palmer,18,2000,Golf
Scottie Pippen,18,2000,Basketball
Andre Agassi,17.5,2000,Tennis
Alonzo Mourning,17,2000,Basketball
Karl Malone,16,2000,Basketball
Juwan Howard,16,2000,Basketball
Mike Piazza,15,2000,Baseball
Peyton Manning,15,2000,Football
Greg Norman,15,2000,Golf
Martina Hingis,11,2000,Tennis
Anna Kournikova,10,2000,Tennis
Venus Williams,10,2000,Tennis
Serena Williams,7.5,2000,Tennis
Lindsay Davenport,6,2000,Tennis
Michael Schumacher,49,1999,Racing
Tiger Woods,47,1999,Golf
Oscar De La Hoya,43.5,1999,Boxing
Michael Jordan,40,1999,Basketball
Evander Holyfield,35.5,1999,Boxing
Mike Tyson,33,1999,Boxing
Shaquille ONeal,31,1999,Basketball
Lennox Lewis,29,1999,Boxing
Dale Earnhardt,26.5,1999,Racing
Grant Hill,23,1999,Basketball
Andre Agassi,20,1999,Tennis
Arnold Palmer,19,1999,Golf
Karl Malone,18,1999,Basketball
Kevin Garnett,17.5,1999,Basketball
Jeff Gordon,17,1999,Racing
Troy Aikman,15.5,1999,Football
Patrick Ewing,15,1999,Basketball
Mike Piazza,15,1999,Baseball
Kevin Brown,15,1999,Baseball
Edgerrin James,15,1999,Football
Martina Hingis,12,1999,Tennis
Anna Kournikova,11,1999,Tennis
Monica Seles,7.5,1999,Tennis
Serena Williams,6,1999,Tennis
Venus Williams,5,1999,Tennis
Michael Jordan,69,1998,Basketball
Michael Schumacher,38,1998,Racing
Sergei Fedorov,29.8,1998,Hockey
Tiger Woods,26.8,1998,Golf
Dale Earnhardt,24.1,1998,Racing
Grant Hill,21.6,1998,Basketball
Oscar De La Hoya,18.5,1998,Boxing
Patrick Ewing,18.3,1998,Basketball
Arnold Palmer,18.1,1998,Golf
Gary Sheffield,17.2,1998,Baseball
Andre Agassi,15.8,1998,Tennis
Dennis Rodman,15.3,1998,Basketball
Wayne Gretzky,14.6,1998,Hockey
Jeff Gordon,14.5,1998,Racing
Cal Ripken Jr,14.1,1998,Baseball
Greg Norman,13.6,1998,Golf
Brett Favre,13.1,1998,Football
David Robinson,12.9,1998,Basketball
Ken Griffey Jr,12.7,1998,Baseball
Gary Payton,12.7,1998,Basketball
Alonzo Mourning,12.1,1998,Basketball
Shawn Kemp,12.1,1998,Basketball
Mike Piazza,12,1998,Baseball
Roy Jones Jr,12,1998,Boxing
Mo Vaughn,11.9,1998,Baseball
Pete Sampras,11.7,1998,Tennis
Peyton Manning,11.6,1998,Football
Deion Sanders,11.5,1998,Football
Lennox Lewis,11.4,1998,Boxing
Hakeem Olajuwon,11,1998,Basketball
Jack Nicklaus,10.8,1998,Golf
Pedro Martinez,10.7,1998,Baseball
Albert Belle,10.3,1998,Baseball
Michael Chang,10.2,1998,Tennis
Martina Hingis,10.1,1998,Tennis
Mark McGwire,10,1998,Baseball
Sammy Sosa,10,1998,Baseball
Ronaldo,10,1998,Soccer
Shaquille ONeal,9.8,1998,Basketball
Michael Jordan,78.3,1997,Basketball
Evander Holyfield,54.3,1997,Boxing
Oscar De La Hoya,38,1997,Boxing
Michael Schumacher,35,1997,Racing
Mike Tyson,27,1997,Boxing
Tiger Woods,26.1,1997,Golf
Shaquille ONeal,25.4,1997,Basketball
Dale Earnhardt,19.1,1997,Racing
Joe Sakic,17.9,1997,Hockey
Grant Hill,17,1997,Basketball
Greg Norman,16.2,1997,Golf
Arnold Palmer,16.1,1997,Golf
Horace Grant,14.9,1997,Basketball
George Foreman,14.7,1997,Boxing
Pete Sampras,14.5,1997,Tennis
Andre Agassi,14.1,1997,Tennis
Cal Ripken Jr,13.2,1997,Baseball
David Robinson,13.2,1997,Basketball
Ken Griffey Jr,13,1997,Baseball
Alonzo Mourning,13,1997,Basketball
Michael Chang,12,1997,Tennis
Naseem Hamed,12,1997,Boxing
Juwan Howard,11.2,1997,Basketball
Gary Payton,11.2,1997,Basketball
Greg Maddux,11,1997,Baseball
Hakeem Olajuwon,11,1997,Basketball
Dennis Rodman,11,1997,Basketball
Wayne Gretzky,10.9,1997,Hockey
Mike Piazza,10.6,1997,Baseball
Reggie Miller,10.4,1997,Basketball
Albert Belle,10.4,1997,Baseball
Jeff Gordon,10.3,1997,Racing
Barry Sanders,10.2,1997,Football
Chris Gratton,10.1,1997,Hockey
Lennox Lewis,9.7,1997,Boxing
Michael Moorer,9.6,1997,Boxing
Sammy Sosa,9.5,1997,Baseball
Jack Nicklaus,9.3,1997,Golf
Frank Thomas,9.3,1997,Baseball
Brett Favre,9.2,1997,Football
Mike Tyson,75,1996,Boxing
Michael Jordan,52.6,1996,Basketball
Michael Schumacher,33,1996,Racing
Shaquille ONeal,24.4,1996,Basketball
Emmitt Smith,16.5,1996,Football
Evander Holyfield,15.5,1996,Boxing
Andre Agassi,15.2,1996,Tennis
Arnold Palmer,15.1,1996,Golf
Dennis Rodman,12.9,1996,Basketball
Patrick Ewing,12.4,1996,Basketball
Cal Ripken Jr,12,1996,Baseball
Roy Jones Jr,12,1996,Boxing
Dan Marino,11.7,1996,Football
Wayne Gretzky,11.5,1996,Hockey
Riddick Bowe,11.5,1996,Boxing
Pete Sampras,11.3,1996,Tennis
Oscar De La Hoya,11.3,1996,Boxing
Grant Hill,10.8,1996,Basketball
Ken Griffey Jr,10.8,1996,Baseball
Dale Earnhardt,10.5,1996,Racing
David Robinson,9.4,1996,Basketball
Hakeem Olajuwon,9.3,1996,Basketball
Clyde Drexler,9.2,1996,Basketball
Michael Chang,9,1996,Tennis
Julio Cesar Chavez,9,1996,Boxing
Tiger Woods,8.8,1996,Golf
John Elway,8.8,1996,Football
Neil ODonnell,8.8,1996,Football
Steve Young,8.5,1996,Football
Frank Thomas,8.4,1996,Baseball
Mario Lemieux,8.3,1996,Hockey
Barry Bonds,8.3,1996,Baseball
Jack Nicklaus,8.2,1996,Golf
Damon Hill,8.2,1996,Racing
Troy Aikman,8.1,1996,Football
George Foreman,8,1996,Boxing
Charles Barkley,8,1996,Basketball
Greg Norman,7.9,1996,Golf
Cecil Fielder,7.6,1996,Baseball
Gerhard Berger,7.5,1996,Racing
Michael Jordan,43.9,1995,Basketball
Mike Tyson,40,1995,Boxing
Deion Sanders,22.5,1995,Football
Riddick Bowe,22.2,1995,Boxing
Shaquille ONeal,21.9,1995,Basketball
George Foreman,18,1995,Boxing
Andre Agassi,16,1995,Tennis
Jack Nicklaus,15.1,1995,Golf
Michael Schumacher,15,1995,Racing
Wayne Gretzky,14.5,1995,Hockey
Arnold Palmer,14.1,1995,Golf
Drew Bledsoe,13.9,1995,Football
Gerhard Berger,13.5,1995,Racing
Evander Holyfield,13,1995,Boxing
Pete Sampras,11.2,1995,Tennis
Cal Ripken Jr,10.3,1995,Baseball
Greg Norman,9.7,1995,Golf
David Robinson,9.6,1995,Basketball
Patrick Ewing,9.5,1995,Basketball
Dale Earnhardt,8.4,1995,Racing
Ki-Jana Carter,8.4,1995,Football
Jean Alesi,8,1995,Racing
Ken Griffey Jr,7.9,1995,Baseball
Grant Hill,7.8,1995,Basketball
Frank Thomas,7.8,1995,Baseball
Boris Becker,7.8,1995,Tennis
Hakeem Olajuwon,7.8,1995,Basketball
Michael Chang,7.6,1995,Tennis
Barry Bonds,7.5,1995,Baseball
Steffi Graf,7.5,1995,Tennis
Greg Maddux,7.2,1995,Baseball
Charles Barkley,7.1,1995,Basketball
Pernell Whitaker,7,1995,Boxing
Mark Messier,7,1995,Hockey
Steve Young,7,1995,Football
Joe Carter,7,1995,Baseball
Jerry Rice,7,1995,Football
Michael Irvin,6.9,1995,Football
Cecil Fielder,6.7,1995,Baseball
Dan Marino,6.2,1995,Football
Michael Jordan,30,1994,Basketball
Shaquille ONeal,16.7,1994,Basketball
Jack Nicklaus,14.8,1994,Golf
Arnold Palmer,13.6,1994,Golf
Gerhard Berger,13.5,1994,Racing
Wayne Gretzky,13.5,1994,Hockey
Michael Moorer,12.1,1994,Boxing
Evander Holyfield,12,1994,Boxing
Andre Agassi,11.4,1994,Tennis
Nigel Mansell,11.3,1994,Racing
Pete Sampras,10.6,1994,Tennis
Joe Montana,10.3,1994,Football
Charles Barkley,9.3,1994,Basketball
Greg Norman,8.8,1994,Golf
George Foreman,8.5,1994,Boxing
Julio Cesar Chavez,8.5,1994,Boxing
David Robinson,8.3,1994,Basketball
Lennox Lewis,8.3,1994,Boxing
Steffi Graf,8,1994,Tennis
Jean Alesi,8,1994,Racing
Emerson Fittipaldi,7.5,1994,Racing
Boris Becker,7,1994,Tennis
Stefan Edberg,6.5,1994,Tennis
Scott Mitchell,6.4,1994,Football
Heath Shuler,6.3,1994,Football
Marshall Faulk,6.2,1994,Football
James Toney,6.2,1994,Boxing
Dan Wilkinson,6.1,1994,Football
Patrick Ewing,6,1994,Basketball
Michael Schumacher,6,1994,Racing
Michael Chang,5.8,1994,Tennis
Mario Andretti,5.5,1994,Racing
Trent Dilfer,5.5,1994,Football
Dale Earnhardt,5.5,1994,Racing
Roberto Baggio,5.3,1994,Soccer
Pernell Whitaker,5.2,1994,Boxing
Will Clark,5.2,1994,Baseball
Deion Sanders,4.9,1994,Football
Gabriela Sabatini,4.9,1994,Tennis
Al Unser Jr,4.8,1994,Racing
Michael Jordan,36,1993,Basketball
Riddick Bowe,25,1993,Boxing
Ayrton Senna,18.5,1993,Racing
Alain Prost,16,1993,Racing
George Foreman,15.8,1993,Boxing
Shaquille ONeal,15.2,1993,Basketball
Lennox Lewis,15,1993,Boxing
Cecil Fielder,12.7,1993,Baseball
Jim Courier,12.6,1993,Tennis
Joe Montana,11.5,1993,Football
Arnold Palmer,11.1,1993,Golf
Evander Holyfield,10.7,1993,Boxing
Jack Nicklaus,10.2,1993,Golf
Emerson Fittipaldi,10,1993,Racing
Steffi Graf,9.8,1993,Tennis
Pete Sampras,9.6,1993,Tennis
Reggie White,9.5,1993,Football
David Robinson,9.2,1993,Basketball
Nigel Mansell,9,1993,Racing
Andre Agassi,8.4,1993,Tennis
Greg Norman,8.4,1993,Golf
Wayne Gretzky,8.3,1993,Hockey
Julio Cesar Chavez,8,1993,Boxing
Stefan Edberg,7.8,1993,Tennis
Michael Chang,7.5,1993,Tennis
Ryne Sandberg,7.4,1993,Baseball
Emmitt Smith,7.3,1993,Football
Barry Bonds,7.2,1993,Baseball
Cal Ripken Jr,7,1993,Baseball
Gerhard Berger,7,1993,Racing
Ken Griffey Jr,7,1993,Baseball
Boris Becker,6.8,1993,Tennis
Bobby Bonilla,6.6,1993,Baseball
Charles Barkley,6.5,1993,Basketball
Gabriela Sabatini,6.5,1993,Tennis
Riccardo Patrese,6.5,1993,Racing
Drew Bledsoe,6.1,1993,Football
Nolan Ryan,6.1,1993,Baseball
Dwight Gooden,6.1,1993,Baseball
Steve Young,6,1993,Football
Michael Jordan,35.9,1992,Basketball
Evander Holyfield,28,1992,Boxing
Ayrton Senna,22,1992,Racing
Nigel Mansell,14.5,1992,Racing
Arnold Palmer,11.1,1992,Golf
Andre Agassi,11,1992,Tennis
Joe Montana,9.5,1992,Football
Jack Nicklaus,9.2,1992,Golf
Jim Courier,9,1992,Tennis
Monica Seles,8.5,1992,Tennis
Larry Holmes,8.2,1992,Boxing
Gerhard Berger,8,1992,Racing
Michael Chang,8,1992,Tennis
Steffi Graf,7.8,1992,Tennis
Wayne Gretzky,7.5,1992,Hockey
Riccardo Patrese,7.5,1992,Racing
Stefan Edberg,7.3,1992,Tennis
Greg Norman,7.2,1992,Golf
George Foreman,7,1992,Boxing
Julio Cesar Chavez,7,1992,Boxing
Fred Couples,7,1992,Golf
David Robinson,6.7,1992,Basketball
Magic Johnson,6.5,1992,Basketball
Gabriela Sabatini,6.5,1992,Tennis
Bobby Bonilla,6.3,1992,Baseball
Dan Marino,6,1992,Football
Nick Faldo,6,1992,Golf
Pete Sampras,5.6,1992,Tennis
Danny Tartabull,5.5,1992,Baseball
Roger Clemens,5.4,1992,Baseball
Dwight Gooden,5.4,1992,Baseball
Ruben Sierra,5.1,1992,Baseball
Ivan Lendl,5,1992,Tennis
Patrick Ewing,5,1992,Basketball
Frank Viola,5,1992,Baseball
Lee Trevino,5,1992,Golf
Will Clark,4.8,1992,Baseball
Barry Bonds,4.8,1992,Baseball
Doug Drabek,4.8,1992,Baseball
Cecil Fielder,4.6,1992,Baseball
Evander Holyfield,60.5,1991,Boxing
Mike Tyson,31.5,1991,Boxing
Michael Jordan,16,1991,Basketball
George Foreman,14.5,1991,Boxing
Ayrton Senna,13,1991,Racing
Alain Prost,11,1991,Racing
Razor Ruddock,10.2,1991,Boxing
Arnold Palmer,9.3,1991,Golf
Nigel Mansell,9,1991,Racing
Jack Nicklaus,8.5,1991,Golf
Larry Bird,7.9,1991,Basketball
Monica Seles,7.6,1991,Tennis
Joe Montana,7.5,1991,Football
Stefan Edberg,7.4,1991,Tennis
Greg Norman,7.4,1991,Golf
Steffi Graf,7.3,1991,Tennis
Andre Agassi,7.3,1991,Tennis
Boris Becker,7.2,1991,Tennis
Wayne Gretzky,7,1991,Hockey
Gerhard Berger,7,1991,Racing
Jean Alesi,6.5,1991,Racing
Gabriela Sabatini,6.3,1991,Tennis
Magic Johnson,5.5,1991,Basketball
David Robinson,5.4,1991,Basketball
Nick Faldo,5.4,1991,Golf
Jennifer Capriati,5.1,1991,Tennis
Raghib Ismail,5,1991,Football
Patrick Ewing,5,1991,Basketball
John Williams,4.9,1991,Basketball
Ivan Lendl,4.8,1991,Tennis
Bo Jackson,4.5,1991,Baseball
Pete Sampras,4.4,1991,Tennis
Hakeem Olajuwon,4.3,1991,Basketball
Darryl Strawberry,4.3,1991,Baseball
Greg LeMond,4.3,1991,Cycling
Will Clark,4.2,1991,Baseball
Nelson Piquet,4.2,1991,Racing
Kevin Mitchell,4.1,1991,Baseball
Curtis Strange,4,1991,Golf
Joe Carter,3.9,1991,Baseball
Mike Tyson,28.6,1990,Boxing
Buster Douglas,26,1990,Boxing
Sugar Ray Leonard,13,1990,Boxing
Ayrton Senna,10,1990,Racing
Alain Prost,9,1990,Racing
Jack Nicklaus,8.6,1990,Golf
Greg Norman,8.5,1990,Golf
Michael Jordan,8.5,1990,Basketball
Arnold Palmer,8.1,1990,Golf
Evander Holyfield,8.1,1990,Boxing
Boris Becker,7.2,1990,Tennis
Nigel Mansell,7,1990,Racing
Steffi Graf,6.1,1990,Tennis
Jose Canseco,6,1990,Baseball
Wayne Gretzky,6,1990,Hockey
Andre Agassi,5.5,1990,Tennis
Stefan Edberg,5.5,1990,Tennis
Ivan Lendl,5.3,1990,Tennis
Diego Maradona,5,1990,Soccer
Don Mattingly,4.8,1990,Baseball
Bo Jackson,4.5,1990,Baseball
Gabriela Sabatini,4.5,1990,Tennis
Magic Johnson,4.5,1990,Basketball
Robin Yount,4.5,1990,Baseball
Joe Montana,4.4,1990,Football
Patrick Ewing,4.2,1990,Basketball
Greg LeMond,4.2,1990,Cycling
Gerhard Berger,4,1990,Racing
Curtis Strange,3.8,1990,Golf
Will Clark,3.8,1990,Baseball